,strategy_a,strategy_b,strategy_a_net,strategy_b_net,market_benchmark,market_benchmark_net,benchmark_equal_weight,benchmark_equal_weight_net,benchmark_simple_rule,benchmark_simple_rule_net
annual_return,0.48703886786436645,0.5410909296090727,0.41830736563684234,0.4658647983486137,0.2808491242197795,0.2788841174025145,0.30606299976245066,0.3040600854997437,0.5948106901111507,0.5448848929529704
annual_volatility,0.2020511534312965,0.2052315422209644,0.20186385534343537,0.2050789112907406,0.1303983511878637,0.13035684974938522,0.14614326736552385,0.14616541931718718,0.2424201913041802,0.24218030998076753
sharpe_ratio,2.4104730885883034,2.6364901016360447,2.072225188234748,2.2716367832095457,2.1537781855474747,2.139389820624518,2.094266847045004,2.0802463874161385,2.453635099086295,2.249914094982543
max_drawdown,-0.11955862066397693,-0.11835974725730436,-0.1255692744724073,-0.12478796113027946,-0.08769638928209045,-0.08769638928209056,-0.11309008570523982,-0.11309008570523982,-0.11108816052097403,-0.11701249335920871
win_rate,0.673469387755102,0.673469387755102,0.6326530612244898,0.6530612244897959,0.5918367346938775,0.5918367346938775,0.6530612244897959,0.6530612244897959,0.6326530612244898,0.6326530612244898
total_periods,49.0,49.0,49.0,49.0,49.0,49.0,49.0,49.0,49.0,49.0
mean_return,0.007903825693549119,0.008618085644774873,0.006957907326202179,0.007617065236611605,0.004923254911640363,0.004892642666742404,0.005312020690758813,0.005281408445860853,0.009304028556261206,0.008667293862383654
std_return,0.02846073199921076,0.028908718518757207,0.02843434936990103,0.028887219072076906,0.01836778688600105,0.018361941033116478,0.020585600702316607,0.020588721005016408,0.0341470760188048,0.034113286565286116
