{
  "parameters": {
    "traditional_model": "linear",
    "benchmark_name": "single_factor_momentum_20",
    "benchmark_label": "单因子规则基准",
    "benchmark_name_display": "单因子规则基准",
    "benchmark_code": "",
    "scenario": "default",
    "scenario_name": "default",
    "top_n_first": 50,
    "top_n_final": 10,
    "rebalancing_freq": "W",
    "holding_days": 5,
    "backtest_results_path": "D:\\Workspace\\vsCodeWorkspace\\etf-main\\runs\\backtests\\linear\\benchmarks\\default\\single_factor_momentum_20\\backtest_results.csv"
  },
  "performance": {
    "cumulative_return": 0.531543420189124,
    "annual_return": 0.5948106901111507,
    "annual_volatility": 0.2424201913041802,
    "sharpe_ratio": 2.453635099086295,
    "max_drawdown": -0.11108816052097403,
    "win_rate": 0.6326530612244898,
    "total_periods": 49,
    "mean_return": 0.009304028556261206,
    "std_return": 0.0341470760188048
  },
  "performance_net": {
    "cumulative_return": 0.4849381304264817,
    "annual_return": 0.5448848929529704,
    "annual_volatility": 0.24218030998076753,
    "sharpe_ratio": 2.249914094982543,
    "max_drawdown": -0.11701249335920871,
    "win_rate": 0.6326530612244898,
    "total_periods": 49,
    "mean_return": 0.008667293862383654,
    "std_return": 0.034113286565286116
  }
}