,strategy_a,strategy_b,strategy_a_net,strategy_b_net,market_benchmark,market_benchmark_net,benchmark_equal_weight,benchmark_equal_weight_net,benchmark_simple_rule,benchmark_simple_rule_net
annual_return,0.3576738091184237,0.4198893247946007,0.29361884390190895,0.3473661901506362,0.2808491242197795,0.2788841174025145,0.30606299976245066,0.3040600854997437,0.5948106901111507,0.5448848929529704
annual_volatility,0.17859517379812107,0.17850993146422564,0.17885288033434418,0.17872641364521483,0.1303983511878637,0.13035684974938522,0.14614326736552385,0.14616541931718718,0.2424201913041802,0.24218030998076753
sharpe_ratio,2.0027070245623104,2.352190275075809,1.6416780280699055,1.9435638139093632,2.1537781855474747,2.139389820624518,2.094266847045004,2.0802463874161385,2.453635099086295,2.249914094982543
max_drawdown,-0.12041990889876097,-0.1038189705078919,-0.13488521753400629,-0.11163357260908502,-0.08769638928209045,-0.08769638928209056,-0.11309008570523982,-0.11309008570523982,-0.11108816052097403,-0.11701249335920871
win_rate,0.6530612244897959,0.7142857142857143,0.6530612244897959,0.7142857142857143,0.5918367346938775,0.5918367346938775,0.6530612244897959,0.6530612244897959,0.6326530612244898,0.6326530612244898
total_periods,49.0,49.0,49.0,49.0,49.0,49.0,49.0,49.0,49.0,49.0
mean_return,0.006085361688720158,0.006980179797163833,0.005121075974434444,0.005933241021653632,0.004923254911640363,0.004892642666742404,0.005312020690758813,0.005281408445860853,0.009304028556261206,0.008667293862383654
std_return,0.025156745168243483,0.025144738014714365,0.025193045464170203,0.025175231487437017,0.01836778688600105,0.018361941033116478,0.020585600702316607,0.020588721005016408,0.0341470760188048,0.034113286565286116
