,strategy_a,strategy_b,strategy_a_net,strategy_b_net,market_benchmark,market_benchmark_net,benchmark_equal_weight,benchmark_equal_weight_net,benchmark_simple_rule,benchmark_simple_rule_net
annual_return,0.424315252301527,0.4691284752326046,0.35157043402550037,0.3937125175470939,0.2808491242197795,0.2788841174025145,0.30606299976245066,0.3040600854997437,0.9371383822561046,0.8784423954129135
annual_volatility,0.2085573947025035,0.21318841248672823,0.20884925100267032,0.21316108872309122,0.1303983511878637,0.13035684974938522,0.14614326736552385,0.14616541931718718,0.2838556103194827,0.2838970511106262
sharpe_ratio,2.0345250903560195,2.2005345870372275,1.6833693792897788,1.8470187026420644,2.1537781855474747,2.139389820624518,2.094266847045004,2.0802463874161385,3.301461546598796,3.0942286718949075
max_drawdown,-0.12842249092476032,-0.12597225187845218,-0.1322231307706352,-0.1291185286915666,-0.08769638928209045,-0.08769638928209056,-0.11309008570523982,-0.11309008570523982,-0.14068835848909367,-0.1451675646345293
win_rate,0.673469387755102,0.6938775510204082,0.6530612244897959,0.673469387755102,0.5918367346938775,0.5918367346938775,0.6530612244897959,0.6530612244897959,0.6530612244897959,0.6530612244897959
total_periods,49.0,49.0,49.0,49.0,49.0,49.0,49.0,49.0,49.0,49.0
mean_return,0.007042363647100692,0.0076615288526975306,0.005995424871590487,0.006608467628207736,0.004923254911640363,0.004892642666742404,0.005312020690758813,0.005281408445860853,0.013205717569714427,0.01258735022277565
std_return,0.029377194914652568,0.030029515645329394,0.029418305513628455,0.030025666846147225,0.01836778688600105,0.018361941033116478,0.020585600702316607,0.020588721005016408,0.03998362946501177,0.03998946677517081
