,strategy_a,strategy_b,strategy_a_net,strategy_b_net,market_benchmark,market_benchmark_net,benchmark_equal_weight,benchmark_equal_weight_net,benchmark_simple_rule,benchmark_simple_rule_net
annual_return,0.39976978324083956,0.3890505294456059,0.3358154186303177,0.3209068678645395,0.2808491242197795,0.2788841174025145,0.30606299976245066,0.3040600854997437,0.5948106901111507,0.5448848929529704
annual_volatility,0.18744180508369238,0.19011712180564452,0.1873526542031445,0.19013372005456577,0.1303983511878637,0.13035684974938522,0.14614326736552385,0.14616541931718718,0.2424201913041802,0.24218030998076753
sharpe_ratio,2.1327674638127987,2.0463729187070783,1.7924241322260457,1.687795661771324,2.1537781855474747,2.139389820624518,2.094266847045004,2.0802463874161385,2.453635099086295,2.249914094982543
max_drawdown,-0.11895736790321898,-0.11895736790321898,-0.12551506909490717,-0.12551506909490728,-0.08769638928209045,-0.08769638928209056,-0.11309008570523982,-0.11309008570523982,-0.11108816052097403,-0.11701249335920871
win_rate,0.7142857142857143,0.6938775510204082,0.7142857142857143,0.673469387755102,0.5918367346938775,0.5918367346938775,0.6530612244897959,0.6530612244897959,0.6326530612244898,0.6326530612244898
total_periods,49.0,49.0,49.0,49.0,49.0,49.0,49.0,49.0,49.0,49.0
mean_return,0.006695086017546129,0.006541549937998644,0.005761412548158373,0.005537468305345581,0.004923254911640363,0.004892642666742404,0.005312020690758813,0.005281408445860853,0.009304028556261206,0.008667293862383654
std_return,0.026402873180079316,0.026779715731796685,0.026390315472411344,0.026782053745246157,0.01836778688600105,0.018361941033116478,0.020585600702316607,0.020588721005016408,0.0341470760188048,0.034113286565286116
