scenario_name,scenario_label,traditional_model,second_stage_llm,top_n_first,top_n_final,rebalancing_freq,holding_days,sample_periods,baseline_annual_return,baseline_sharpe_ratio,baseline_max_drawdown,baseline_win_rate,baseline_annual_return_net,baseline_sharpe_ratio_net,baseline_max_drawdown_net,baseline_win_rate_net,deepseek_annual_return,deepseek_sharpe_ratio,deepseek_max_drawdown,deepseek_win_rate,deepseek_annual_return_net,deepseek_sharpe_ratio_net,deepseek_max_drawdown_net,deepseek_win_rate_net,annual_return_change,sharpe_ratio_change,max_drawdown_change,annual_return_net_change,sharpe_ratio_net_change,max_drawdown_net_change
default,Top50/Top10,lightgbm,deepseek-chat,50,10,W,5,49,0.3576738091184237,2.0027070245623104,-0.12041990889876097,0.6530612244897959,0.29361884390190895,1.6416780280699055,-0.13488521753400629,0.6530612244897959,0.4198893247946007,2.352190275075809,-0.1038189705078919,0.7142857142857143,0.3473661901506362,1.9435638139093632,-0.11163357260908502,0.7142857142857143,0.062215515676177,0.3494832505134986,0.01660093839086907,0.053747346248727235,0.3018857858394577,0.023251644924921266
top30_top10,Top30/Top10,lightgbm,deepseek-chat,30,10,W,5,49,0.3576738091184237,2.0027070245623104,-0.12041990889876097,0.6530612244897959,0.29361884390190895,1.6416780280699055,-0.13488521753400629,0.6530612244897959,0.3723202856030947,2.0452349920885733,-0.12041990889876109,0.6530612244897959,0.3059833534134915,1.6792837455470055,-0.12791234026372245,0.6530612244897959,0.01464647648467099,0.042527967526262866,-1.1102230246251565e-16,0.012364509511582522,0.037605717477100065,0.006972877270283839
top50_top5,Top50/Top5,lightgbm,deepseek-chat,50,5,W,5,49,0.424315252301527,2.0345250903560195,-0.12842249092476032,0.673469387755102,0.35157043402550037,1.6833693792897788,-0.1322231307706352,0.6530612244897959,0.4691284752326046,2.2005345870372275,-0.12597225187845218,0.6938775510204082,0.3937125175470939,1.8470187026420644,-0.1291185286915666,0.673469387755102,0.04481322293107759,0.166009496681208,0.0024502390463081447,0.04214208352159354,0.16364932335228555,0.003104602079068597
