,strategy_a,strategy_b,strategy_a_net,strategy_b_net,market_benchmark,market_benchmark_net,benchmark_equal_weight,benchmark_equal_weight_net,benchmark_simple_rule,benchmark_simple_rule_net
annual_return,0.2621699406889779,0.28905811984791296,0.19829228686541622,0.22159150066359445,0.2808491242197795,0.2788841174025145,0.30606299976245066,0.3040600854997437,0.5948106901111507,0.5448848929529704
annual_volatility,0.22441747250129826,0.2278683773831634,0.22427761935405108,0.2277240465600635,0.1303983511878637,0.13035684974938522,0.14614326736552385,0.14616541931718718,0.2424201913041802,0.24218030998076753
sharpe_ratio,1.1682242820351756,1.268531084336719,0.8841376479584722,0.9730702752339703,2.1537781855474747,2.139389820624518,2.094266847045004,2.0802463874161385,2.453635099086295,2.249914094982543
max_drawdown,-0.17251660459440676,-0.1428446984653864,-0.19389705094811494,-0.16444360127571456,-0.08769638928209045,-0.08769638928209056,-0.11309008570523982,-0.11309008570523982,-0.11108816052097403,-0.11701249335920871
win_rate,0.6326530612244898,0.6530612244897959,0.6326530612244898,0.6326530612244898,0.5918367346938775,0.5918367346938775,0.6530612244897959,0.6530612244897959,0.6326530612244898,0.6326530612244898
total_periods,49.0,49.0,49.0,49.0,49.0,49.0,49.0,49.0,49.0,49.0
mean_return,0.004630377993527092,0.005050644499860047,0.0035956841159760704,0.003979215928431474,0.004923254911640363,0.004892642666742404,0.005312020690758813,0.005281408445860853,0.009304028556261206,0.008667293862383654
std_return,0.03161123028664868,0.032097321443910636,0.03159153070624316,0.03207699114237208,0.01836778688600105,0.018361941033116478,0.020585600702316607,0.020588721005016408,0.0341470760188048,0.034113286565286116
